{
	"format_version": "1.8.0",
	"animations": {
		"animation.bat.fly": {
			"loop": true,
			"bones": {
				"main": {
					"rotation": [60, 0, 0],
					"position": [0, "math.sin(query.anim_time*360)*2", "math.sin(query.anim_time*360)*-4"]
				},
				"body": {
					"rotation": [-5, 0, 0]
				},
				"head": {
					"rotation": ["-35+math.sin(query.anim_time*360+90)*-7", 0, 0]
				},
				"jaw": {
					"rotation": [-2.5, 0, 0]
				},
				"leftArm": {
					"rotation": [0, "math.cos(query.anim_time*360)*20", "math.sin(query.anim_time*360)*50-60"]
				},
				"bone5": {
					"rotation": [-50, 0, 0]
				},
				"bone6": {
					"rotation": [0, 0, "math.cos(query.anim_time*360)*30+30"]
				},
				"bone7": {
					"rotation": ["math.cos(query.anim_time*360)*-5-5", 0, "math.cos(query.anim_time*360)*15+15"]
				},
				"rightLeg": {
					"rotation": ["math.sin(query.anim_time*360+100)*5", 0, "math.sin(query.anim_time*360+0)*5"]
				},
				"leftLeg": {
					"rotation": ["math.sin(query.anim_time*360+60)*5", 0, "math.sin(query.anim_time*360+0)*-5"]
				},
				"rightArm": {
					"rotation": [0, "math.cos(query.anim_time*360)*-20", "math.sin(query.anim_time*360)*-50+60"]
				},
				"bone2": {
					"rotation": [-50, 0, 0]
				},
				"bone3": {
					"rotation": [0, 0, "math.cos(query.anim_time*360)*-30-30"]
				},
				"bone12": {
					"rotation": ["math.cos(query.anim_time*360)*-5-5", 0, "math.cos(query.anim_time*360)*-15-15"]
				}
			}
		},
		"animation.bat.walk": {
			"loop": true,
			"bones": {
				"body": {
					"rotation": ["27.5+math.sin(query.anim_time*720)*1", 0, 0],
					"position": [0, -1, 0]
				},
				"head": {
					"rotation": ["-40 + math.cos(query.anim_time*720)*-3", 0, 0]
				},
				"leftArm": {
					"rotation": [0, "60 + math.sin(query.anim_time*360)*15", 0]
				},
				"bone6": {
					"rotation": [0, 0, 0]
				},
				"bone7": {
					"rotation": [0, "-37.5-math.cos(query.anim_time*360+30)*2", 0]
				},
				"rightLeg": {
					"rotation": ["5+math.sin(query.anim_time*360)*30", 0, 0]
				},
				"leftLeg": {
					"rotation": ["5+math.sin(query.anim_time*360)*-12.5", 0, 0]
				},
				"bone4": {
					"rotation": [0, -20, 0]
				},
				"bone9": {
					"rotation": [0, "-85-math.cos(query.anim_time*360+30)*4", 0]
				},
				"bone": {
					"rotation": [0, "-65-math.cos(query.anim_time*360+30)*3", 0],
					"position": [0, 0, 3]
				},
				"rightArm": {
					"rotation": [0, "-60+math.sin(query.anim_time*360)*15", 0]
				},
				"bone2": {
					"rotation": [0, 0, "40 + math.cos(query.anim_time*360)* -15"]
				},
				"bone3": {
					"rotation": [0, 0, 0]
				},
				"bone8": {
					"rotation": [0, "65-math.cos(query.anim_time*360+30)*3", 0],
					"position": [0, 0, 3]
				},
				"bone10": {
					"rotation": [0, "85-math.cos(query.anim_time*360+30)*4", 0]
				},
				"bone11": {
					"rotation": [0, 20, 0]
				},
				"bone12": {
					"rotation": [0, "37.5-math.cos(query.anim_time*360+30)*2", 0]
				},
				"main": {
					"rotation": [45, 0, 0],
					"position": [0, -4, 0]
				},
				"bone5": {
					"rotation": [0, 0, "-40 + math.cos(query.anim_time*360)* -15"]
				}
			}
		},
		"animation.bat.idle": {
			"loop": true,
			"bones": {
				"body": {
					"rotation": ["math.sin(query.anim_time*90+30)*-3", 0, 0]
				},
				"head": {
					"rotation": ["math.sin(query.anim_time*90)*-3", 0, 0]
				},
				"leftArm": {
					"rotation": [0, -15, 20]
				},
				"bone5": {
					"rotation": [0, "82.5+math.sin(query.anim_time*90)*-2", -22.5],
					"position": [0, 0, 2]
				},
				"bone6": {
					"rotation": [0, 0, 100]
				},
				"bone4": {
					"rotation": [0, -90, 0]
				},
				"bone7": {
					"rotation": [-15, 10, 50],
					"scale": [0.9, 1, 1.1]
				},
				"bone9": {
					"rotation": [32.5, -2.5, 35]
				},
				"bone": {
					"rotation": [20, 0, 22.5]
				},
				"bone2": {
					"rotation": [-27.5, "-77.5+math.sin(query.anim_time*90)*-2", 0]
				},
				"bone3": {
					"rotation": [0, 0, -82.5]
				},
				"bone8": {
					"rotation": [0, 0, -20]
				},
				"bone10": {
					"rotation": [10, 2.5, -32.5]
				},
				"bone11": {
					"rotation": [0, 90, 0]
				},
				"bone12": {
					"rotation": [-15, 0, -50],
					"scale": [0.6, 1, 1.3]
				}
			}
		}
	},
	"geckolib_format_version": 2
}