{
	"format_version": "1.8.0",
	"animations": {
		"animation.cocoloco.walk_keyframe": {
			"loop": true,
			"animation_length": 1,
			"bones": {
				"body": {
					"rotation": {
						"0.0": [0, 0, 0],
						"0.1": [0, 0, -1.17],
						"0.2": [0, 0, -1.9],
						"0.3": [0, 0, -1.9],
						"0.4": [0, 0, -1.17],
						"0.5": [0, 0, 0],
						"0.6": [0, 0, 1.17],
						"0.7": [0, 0, 1.9],
						"0.8": [0, 0, 1.9],
						"0.9": [0, 0, 1.17],
						"1.0": [0, 0, 0]
					}
				},
				"leftArm": {
					"rotation": {
						"0.0": [0, 0, 0],
						"0.1": [11.75, 0, 0],
						"0.2": [19, 0, 0],
						"0.3": [19, 0, 0],
						"0.4": [11.75, 0, 0],
						"0.5": [0, 0, 0],
						"0.6": [-11.75, 0, 0],
						"0.7": [-19, 0, 0],
						"0.8": [-19, 0, 0],
						"0.9": [-11.75, 0, 0],
						"1.0": [0, 0, 0]
					}
				},
				"rightArm": {
					"rotation": {
						"0.0": [0, 0, 0],
						"0.1": [-11.75, 0, 0],
						"0.2": [-19, 0, 0],
						"0.3": [-19, 0, 0],
						"0.4": [-11.75, 0, 0],
						"0.5": [0, 0, 0],
						"0.6": [11.75, 0, 0],
						"0.7": [19, 0, 0],
						"0.8": [19, 0, 0],
						"0.9": [11.75, 0, 0],
						"1.0": [0, 0, 0]
					}
				},
				"leftLeg": {
					"rotation": {
						"0.0": [0, 0, 0],
						"0.1": [-11.75, 0, 0],
						"0.2": [-19, 0, 0],
						"0.3": [-19, 0, 0],
						"0.4": [-11.75, 0, 0],
						"0.5": [0, 0, 0],
						"0.6": [11.75, 0, 0],
						"0.7": [19, 0, 0],
						"0.8": [19, 0, 0],
						"0.9": [11.75, 0, 0],
						"1.0": [0, 0, 0]
					}
				},
				"leftLeg1": {
					"rotation": {
						"0.0": [40, 0, 0],
						"0.1": [36.18, 0, 0],
						"0.2": [26.18, 0, 0],
						"0.3": [13.8, 0, 0],
						"0.4": [3.8, 0, 0],
						"0.5": [0, 0, 0],
						"0.6": [3.8, 0, 0],
						"0.7": [13.8, 0, 0],
						"0.8": [26.18, 0, 0],
						"0.9": [36.18, 0, 0],
						"1.0": [40, 0, 0]
					}
				},
				"rightLeg": {
					"rotation": {
						"0.0": [0, 0, 0],
						"0.1": [11.75, 0, 0],
						"0.2": [19, 0, 0],
						"0.3": [19, 0, 0],
						"0.4": [11.75, 0, 0],
						"0.5": [0, 0, 0],
						"0.6": [-11.75, 0, 0],
						"0.7": [-19, 0, 0],
						"0.8": [-19, 0, 0],
						"0.9": [-11.75, 0, 0],
						"1.0": [0, 0, 0]
					}
				},
				"rightLeg1": {
					"rotation": {
						"0.0": [0, 0, 0],
						"0.1": [3.8, 0, 0],
						"0.2": [13.8, 0, 0],
						"0.3": [26.18, 0, 0],
						"0.4": [36.18, 0, 0],
						"0.5": [40, 0, 0],
						"0.6": [36.18, 0, 0],
						"0.7": [26.18, 0, 0],
						"0.8": [13.8, 0, 0],
						"0.9": [3.8, 0, 0],
						"1.0": [0, 0, 0]
					}
				}
			}
		},
		"animation.cocoloco.run_keyframe": {
			"loop": true,
			"animation_length": 1,
			"bones": {
				"body": {
					"rotation": {
						"0.0": [0, 0, -10],
						"0.1": [0, -5.9, -8],
						"0.2": [0, -9.5, -3],
						"0.3": [0, -9.5, 3],
						"0.4": [0, -5.9, 8],
						"0.5": [0, 0, 10],
						"0.6": [0, 5.9, 8],
						"0.7": [0, 9.5, 3],
						"0.8": [0, 9.5, -3],
						"0.9": [0, 5.9, -8],
						"1.0": [0, 0, -10]
					},
					"position": {
						"0.0": [0, 0, 0],
						"0.1": [0, 1.17, 0],
						"0.2": [0, 1.9, 0],
						"0.3": [0, 1.9, 0],
						"0.4": [0, 1.17, 0],
						"0.5": [0, 0, 0],
						"0.6": [0, 1.17, 0],
						"0.7": [0, 1.9, 0],
						"0.8": [0, 1.9, 0],
						"0.9": [0, 1.17, 0],
						"1.0": [0, 0, 0]
					}
				},
				"leftArm": {
					"rotation": {
						"0.0": [0, 0, 0],
						"0.1": [17.6, 0, 0],
						"0.2": [28.5, 0, 0],
						"0.3": [28.5, 0, 0],
						"0.4": [17.6, 0, 0],
						"0.5": [0, 0, 0],
						"0.6": [-17.6, 0, 0],
						"0.7": [-28.5, 0, 0],
						"0.8": [-28.5, 0, 0],
						"0.9": [-17.6, 0, 0],
						"1.0": [0, 0, 0]
					}
				},
				"leftArm1": {
					"rotation": {
						"0.0": [-10, 0, 0],
						"0.1": [-4, 0, 0],
						"0.2": [-0.5, 0, 0],
						"0.3": [-0.5, 0, 0],
						"0.4": [-4, 0, 0],
						"0.5": [-10, 0, 0],
						"0.6": [-15.9, 0, 0],
						"0.7": [-19.5, 0, 0],
						"0.8": [-19.5, 0, 0],
						"0.9": [-15.9, 0, 0],
						"1.0": [-10, 0, 0]
					}
				},
				"rightArm": {
					"rotation": {
						"0.0": [0, 0, 0],
						"0.1": [-17.6, 0, 0],
						"0.2": [-28.5, 0, 0],
						"0.3": [-28.5, 0, 0],
						"0.4": [-17.6, 0, 0],
						"0.5": [0, 0, 0],
						"0.6": [17.6, 0, 0],
						"0.7": [28.5, 0, 0],
						"0.8": [28.5, 0, 0],
						"0.9": [17.6, 0, 0],
						"1.0": [0, 0, 0]
					}
				},
				"rightArm1": {
					"rotation": {
						"0.0": [-10, 0, 0],
						"0.1": [-15.9, 0, 0],
						"0.2": [-19.5, 0, 0],
						"0.3": [-19.5, 0, 0],
						"0.4": [-15.9, 0, 0],
						"0.5": [-10, 0, 0],
						"0.6": [-4, 0, 0],
						"0.7": [-0.5, 0, 0],
						"0.8": [-0.5, 0, 0],
						"0.9": [-4, 0, 0],
						"1.0": [-10, 0, 0]
					}
				},
				"leftLeg": {
					"rotation": {
						"0.0": [0, 0, 0],
						"0.1": [-17.6, 0, 0],
						"0.2": [-28.5, 0, 0],
						"0.3": [-28.5, 0, 0],
						"0.4": [-17.6, 0, 0],
						"0.5": [0, 0, 0],
						"0.6": [17.6, 0, 0],
						"0.7": [28.5, 0, 0],
						"0.8": [28.5, 0, 0],
						"0.9": [17.6, 0, 0],
						"1.0": [0, 0, 0]
					}
				},
				"rightLeg": {
					"rotation": {
						"0.0": [0, 0, 0],
						"0.1": [17.6, 0, 0],
						"0.2": [28.5, 0, 0],
						"0.3": [28.5, 0, 0],
						"0.4": [17.6, 0, 0],
						"0.5": [0, 0, 0],
						"0.6": [-17.6, 0, 0],
						"0.7": [-28.5, 0, 0],
						"0.8": [-28.5, 0, 0],
						"0.9": [-17.6, 0, 0],
						"1.0": [0, 0, 0]
					}
				},
				"bone": {
					"rotation": {
						"0.0": [0, 0, 4.33],
						"0.1": [0, 0, 2],
						"0.2": [0, 0, -1],
						"0.3": [0, 0, -3.7],
						"0.4": [0, 0, -5],
						"0.5": [0, 0, -4.33],
						"0.6": [0, 0, -2],
						"0.7": [0, 0, 1],
						"0.8": [0, 0, 3.7],
						"0.9": [0, 0, 5],
						"1.0": [0, 0, 4.33]
					},
					"position": {
						"0.0": [0, 1.4, 0],
						"0.1": [0, 0.3, 0],
						"0.2": [0, 0.9, 0],
						"0.3": [0, 1.8, 0],
						"0.4": [0, 2, 0],
						"0.5": [0, 1.4, 0],
						"0.6": [0, 0.3, 0],
						"0.7": [0, 0.9, 0],
						"0.8": [0, 1.8, 0],
						"0.9": [0, 2, 0],
						"1.0": [0, 1.4, 0]
					}
				}
			}
		},
		"animation.cocoloco.dance_keyframe": {
			"loop": true,
			"animation_length": 1,
			"bones": {
				"body": {
					"rotation": {
						"0.0": [0, 0, 0],
						"0.1": [0, 0, 3.5],
						"0.2": [0, 0, 5.7],
						"0.3": [0, 0, 5.7],
						"0.4": [0, 0, 3.5],
						"0.5": [0, 0, 0],
						"0.6": [0, 0, -3.5],
						"0.7": [0, 0, -5.7],
						"0.8": [0, 0, -5.7],
						"0.9": [0, 0, -3.5],
						"1.0": [0, 0, 0]
					},
					"position": {
						"0.0": [0, 0, 0],
						"0.1": [0, -0.6, 0],
						"0.2": [0, -1, 0],
						"0.3": [0, -1, 0],
						"0.4": [0, -0.6, 0],
						"0.5": [0, 0, 0],
						"0.6": [0, -0.6, 0],
						"0.7": [0, -1, 0],
						"0.8": [0, -1, 0],
						"0.9": [0, -0.6, 0],
						"1.0": [0, 0, 0]
					}
				},
				"leftArm": {
					"rotation": [0, -80, -90]
				},
				"leftArm1": {
					"rotation": {
						"0.0": [-3.5, 0, 0],
						"0.1": [-8.8, 0, 0],
						"0.2": [-17.65, 0, 0],
						"0.3": [-19.8, 0, 0],
						"0.4": [-14.3, 0, 0],
						"0.5": [-3.5, 0, 0],
						"0.6": [-8.77, 0, 0],
						"0.7": [-17.65, 0, 0],
						"0.8": [-19.8, 0, 0],
						"0.9": [-14.4, 0, 0],
						"1.0": [-3.5, 0, 0]
					}
				},
				"rightArm": {
					"rotation": [0, 80, 90]
				},
				"rightArm1": {
					"rotation": {
						"0.0": [-3.5, 0, 0],
						"0.1": [-8.8, 0, 0],
						"0.2": [-17.65, 0, 0],
						"0.3": [-19.8, 0, 0],
						"0.4": [-14.3, 0, 0],
						"0.5": [-3.5, 0, 0],
						"0.6": [-8.77, 0, 0],
						"0.7": [-17.65, 0, 0],
						"0.8": [-19.8, 0, 0],
						"0.9": [-14.4, 0, 0],
						"1.0": [-3.5, 0, 0]
					}
				},
				"leftLeg": {
					"position": {
						"0.0": [0, 0, 0],
						"0.1": [0, 0.6, 0],
						"0.2": [0, 1, 0],
						"0.3": [0, 1, 0],
						"0.4": [0, 0.6, 0],
						"0.5": [0, 0, 0],
						"0.6": [0, 0.6, 0],
						"0.7": [0, 1, 0],
						"0.8": [0, 1, 0],
						"0.9": [0, 0.6, 0],
						"1.0": [0, 0, 0]
					}
				},
				"rightLeg": {
					"position": {
						"0.0": [0, 0, 0],
						"0.1": [0, 0.6, 0],
						"0.2": [0, 1, 0],
						"0.3": [0, 1, 0],
						"0.4": [0, 0.6, 0],
						"0.5": [0, 0, 0],
						"0.6": [0, 0.6, 0],
						"0.7": [0, 1, 0],
						"0.8": [0, 1, 0],
						"0.9": [0, 0.6, 0],
						"1.0": [0, 0, 0]
					}
				}
			}
		},
		"animation.cocoloco.attack": {
			"animation_length": 1,
			"bones": {
				"body": {
					"rotation": {
						"0.0": [0, 0, 0],
						"0.2": [15, 0, 0],
						"0.5": [7.5, 0, 0],
						"0.7": [-10, 0, 0],
						"1.0": [0, 0, 0]
					},
					"position": {
						"0.0": [0, 0, 0],
						"0.2": [0, 0, 0],
						"0.5": [0, 10, -2],
						"0.7": [0, 9, -2],
						"1.0": [0, 0, 0]
					}
				},
				"leftArm": {
					"rotation": {
						"0.0": [0, 0, 0],
						"0.2": [32.5, 0, 0],
						"0.4": [55, 0, 0],
						"0.7": [12.5, 0, 0],
						"1.0": [0, 0, 0]
					}
				},
				"rightArm": {
					"rotation": {
						"0.0": [0, 0, 0],
						"0.2": [32.5, 0, 0],
						"0.4": [-40, 25, 0],
						"0.7": [-20, 17.5, 0],
						"1.0": [0, 0, 0]
					}
				},
				"bone": {
					"position": {
						"0.0": [0, 0, 0],
						"0.5": [0, 0, 0],
						"0.8": [0, 2, 0],
						"1.0": [0, 0, 0]
					}
				}
			}
		},
		"animation.cocoloco.idle_keyframe": {
			"loop": true,
			"animation_length": 6,
			"bones": {
				"body": {
					"position": {
						"0.0": [0, 0, 0],
						"0.5": [0, -0.06, 0],
						"1.0": [0, -0.25, 0],
						"1.5": [0, -0.5, 0],
						"2.0": [0, -0.75, 0],
						"2.5": [0, -0.93, 0],
						"3.0": [0, -1, 0],
						"3.5": [0, -0.93, 0],
						"4.0": [0, -0.75, 0],
						"4.5": [0, -0.5, 0],
						"5.0": [0, -0.25, 0],
						"5.5": [0, -0.06, 0],
						"6.0": [0, 0, 0]
					}
				},
				"leftArm": {
					"rotation": {
						"0.0": [0, 0, -5],
						"0.5": [0, 0, -7.5],
						"1.0": [0, 0, -9.33],
						"1.5": [0, 0, -10],
						"2.0": [0, 0, -9.33],
						"2.5": [0, 0, -7.5],
						"3.0": [0, 0, -5],
						"3.5": [0, 0, -2.5],
						"4.0": [0, 0, -0.66],
						"4.5": [0, 0, 0],
						"5.0": [0, 0, -0.66],
						"5.5": [0, 0, -2.5],
						"6.0": [0, 0, -5]
					}
				},
				"rightArm": {
					"rotation": {
						"0.0": [0, 0, 5],
						"0.5": [0, 0, 7.5],
						"1.0": [0, 0, 9.33],
						"1.5": [0, 0, 10],
						"2.0": [0, 0, 9.33],
						"2.5": [0, 0, 7.5],
						"3.0": [0, 0, 5],
						"3.5": [0, 0, 2.5],
						"4.0": [0, 0, 0.66],
						"4.5": [0, 0, 0],
						"5.0": [0, 0, 0.66],
						"5.5": [0, 0, 2.5],
						"6.0": [0, 0, 5]
					}
				},
				"leftLeg": {
					"position": {
						"0.0": [0, 0, 0],
						"0.5": [0, 0.06, 0],
						"1.0": [0, 0.25, 0],
						"1.5": [0, 0.5, 0],
						"2.0": [0, 0.75, 0],
						"2.5": [0, 0.93, 0],
						"3.0": [0, 1, 0],
						"3.5": [0, 0.93, 0],
						"4.0": [0, 0.75, 0],
						"4.5": [0, 0.5, 0],
						"5.0": [0, 0.25, 0],
						"5.5": [0, 0.06, 0],
						"6.0": [0, 0, 0]
					}
				},
				"rightLeg": {
					"position": {
						"0.0": [0, 0, 0],
						"0.5": [0, 0.06, 0],
						"1.0": [0, 0.25, 0],
						"1.5": [0, 0.5, 0],
						"2.0": [0, 0.75, 0],
						"2.5": [0, 0.93, 0],
						"3.0": [0, 1, 0],
						"3.5": [0, 0.93, 0],
						"4.0": [0, 0.75, 0],
						"4.5": [0, 0.5, 0],
						"5.0": [0, 0.25, 0],
						"5.5": [0, 0.06, 0],
						"6.0": [0, 0, 0]
					}
				}
			}
		}
	}
}