{
	"format_version": "1.8.0",
	"animations": {
		"fertilizer.animation.deploy": {
			"loop": true,
			"animation_length": 6.76,
			"bones": {
				"manualseed_input": {
					"rotation": {
						"2.0": {
							"vector": [-22.5, 0, 0]
						},
						"3.0": {
							"vector": [-22.5, 0, 0],
							"easing": "easeInQuad"
						},
						"3.4": {
							"vector": [0, 0, 0],
							"easing": "easeOutBack"
						}
					},
					"position": {
						"2.0": {
							"vector": [0, 0, 0.25]
						},
						"3.0": {
							"vector": [0, 0, 0.25]
						},
						"3.4": {
							"vector": [0, 0, 0]
						}
					}
				},
				"keyboard": {
					"rotation": {
						"2.0": {
							"vector": [-15, 0, 0]
						},
						"3.8": {
							"vector": [-15, 0, 0],
							"easing": "easeInQuad"
						},
						"4.2": {
							"vector": [0, 0, 0],
							"easing": "easeOutBack"
						}
					},
					"position": {
						"2.0": {
							"vector": [0, 0, 4]
						},
						"3.4": {
							"vector": [0, 0, 4],
							"easing": "easeInQuad"
						},
						"3.8": {
							"vector": [0, 0, 0],
							"easing": "easeOutBack"
						}
					}
				},
				"right_expander": {
					"position": {
						"2.0": {
							"vector": [0, -7, 0]
						},
						"2.52": {
							"vector": [0, -7, 0],
							"easing": "easeInQuad"
						},
						"2.84": {
							"vector": [0, 0, 0],
							"easing": "easeOutQuad"
						}
					},
					"scale": {
						"2.0": {
							"vector": [1, 0.7, 1]
						},
						"2.52": {
							"vector": [1, 0.7, 1],
							"easing": "easeInQuad"
						},
						"2.84": {
							"vector": [1, 1, 1],
							"easing": "easeOutQuad"
						}
					}
				},
				"holotank": {
					"scale": {
						"2.0": {
							"vector": [0, 0, 0]
						},
						"3.16": {
							"vector": [0, 0, 0]
						},
						"3.2": {
							"vector": [1, 0, 1],
							"easing": "easeInQuad"
						},
						"4.48": {
							"vector": [1, 0.99, 1],
							"easing": "easeOutQuad"
						},
						"4.64": {
							"vector": [1, 0.99, 1]
						},
						"4.92": {
							"vector": [1, 0.99, 1]
						},
						"4.96": {
							"vector": [0, 0, 0]
						}
					}
				},
				"tank": {
					"scale": {
						"2.0": {
							"vector": [0, 0, 0]
						},
						"4.68": {
							"vector": [0, 0, 0],
							"easing": "easeInQuad"
						},
						"5.08": {
							"vector": [1, 1, 1],
							"easing": "easeOutBack"
						}
					}
				},
				"seedtube": {
					"position": {
						"2.0": {
							"vector": [0.25, 0, 0]
						},
						"4.0": {
							"vector": [0.25, 0, 0],
							"easing": "easeInQuad"
						},
						"4.4": {
							"vector": [0, 0, 0],
							"easing": "easeOutBack"
						}
					},
					"scale": {
						"2.0": {
							"vector": [0, 1, 1]
						},
						"4.0": {
							"vector": [0, 1, 1],
							"easing": "easeInQuad"
						},
						"4.4": {
							"vector": [1, 1, 1],
							"easing": "easeOutBack"
						}
					}
				},
				"top_rightpart": {
					"position": {
						"0.0": {
							"vector": [0, -2.9, 0]
						},
						"2.0": {
							"vector": [0, -3, 0]
						},
						"2.84": {
							"vector": [0, 0, 0]
						}
					},
					"scale": {
						"2.0": {
							"vector": [1, 1, 1]
						},
						"2.52": {
							"vector": [1, 1, 1],
							"easing": "linear"
						},
						"2.68": {
							"vector": [1, 1.4, 1],
							"easing": "easeOutBack"
						},
						"2.96": {
							"vector": [1, 0.8, 1],
							"easing": "easeOutQuad"
						},
						"3.12": {
							"vector": [1, 1, 1],
							"easing": "easeInQuad"
						}
					}
				},
				"leftpart": {
					"position": {
						"2.0": {
							"vector": [16, 0, 0]
						},
						"3.0": {
							"vector": [-1, 0, 0],
							"easing": "easeOutElastic"
						},
						"3.16": {
							"vector": [0, 0, 0],
							"easing": "easeInQuad"
						}
					}
				},
				"left_base": {
					"scale": {
						"vector": [1, 1, 1]
					}
				},
				"tige_leftbase": {
					"rotation": {
						"2.0": {
							"vector": [0, 0, 0]
						},
						"2.4": {
							"vector": [0, 0, 0],
							"easing": "easeInQuad"
						},
						"2.88": {
							"vector": [0, 0, 17.5],
							"easing": "easeInOutQuad"
						},
						"3.36": {
							"vector": [0, 0, 0],
							"easing": "easeOutBack"
						}
					},
					"position": {
						"2.0": {
							"vector": [0, -6, 0]
						},
						"2.56": {
							"vector": [0, -6, 0]
						},
						"3.08": {
							"vector": [0, 0, 0]
						}
					},
					"scale": {
						"2.0": {
							"vector": [1, 0.6, 1]
						},
						"2.56": {
							"vector": [1, 0.6, 1]
						},
						"3.08": {
							"vector": [1, 1, 1]
						}
					}
				},
				"holodrawer_leftbase": {
					"position": {
						"2.0": {
							"vector": [0, -4, 0]
						},
						"2.6": {
							"vector": [0, -4, 0],
							"easing": "easeInQuad"
						},
						"3.2": {
							"vector": [0, 0, 0],
							"easing": "easeInOutQuad"
						},
						"4.48": {
							"vector": [0, -14, 0],
							"easing": "easeOutQuad"
						},
						"4.96": {
							"vector": [0, 0, 0],
							"easing": "easeOutBack"
						},
						"5.12": {
							"vector": [0, 0, 0],
							"easing": "easeOutQuad"
						}
					}
				},
				"tigearm1_leftbase": {
					"position": {
						"2.0": {
							"vector": [0, -6, 0]
						},
						"2.56": {
							"vector": [0, -6, 0]
						},
						"3.08": {
							"vector": [0, 0, 0]
						}
					}
				},
				"arm2": {
					"position": {
						"2.0": {
							"vector": [-3, 0, 0]
						},
						"3.04": {
							"vector": [-3, 0, 0]
						},
						"3.24": {
							"vector": [0, 0, 0]
						}
					}
				},
				"arm2tube": {
					"position": {
						"2.0": {
							"vector": [0, 4, 0]
						},
						"4.0": {
							"vector": [0, 4, 0],
							"easing": "easeInQuad"
						},
						"4.4": {
							"vector": [0, 0, 0],
							"easing": "easeOutBack"
						}
					},
					"scale": {
						"4.0": {
							"vector": [1, 1, 1]
						},
						"4.4": {
							"vector": [1, 1.7, 1],
							"easing": "easeInElastic"
						},
						"4.64": {
							"vector": [1, 1, 1],
							"easing": "easeOutBack"
						}
					}
				},
				"platform": {
					"scale": {
						"2.0": {
							"vector": [0, 1, 1]
						},
						"2.84": {
							"vector": [0, 1, 1]
						},
						"3.28": {
							"vector": [1, 1, 1],
							"easing": "easeOutBack"
						}
					}
				},
				"appui_lowerplatform": {
					"scale": {
						"2.0": {
							"vector": [1, 0, 1]
						},
						"2.84": {
							"vector": [1, 0, 1]
						},
						"3.0": {
							"vector": [1, 1, 1]
						}
					}
				},
				"groundplatform": {
					"scale": {
						"2.0": {
							"vector": [0, 1, 1]
						},
						"3.0": {
							"vector": [1.1, 1, 1],
							"easing": "easeOutElastic"
						},
						"3.16": {
							"vector": [1, 1, 1],
							"easing": "easeInQuad"
						}
					}
				},
				"Box": {
					"rotation": {
						"vector": [0, 0, 0]
					},
					"position": {
						"vector": [0, 0, 0]
					},
					"scale": {
						"0.2": {
							"vector": [1, 1, 1]
						},
						"1.16": {
							"vector": [1, 1.15, 1],
							"easing": "easeInOutQuad"
						},
						"2.36": {
							"vector": [1, 1.15, 1]
						},
						"2.76": {
							"vector": [0, 0, 0]
						}
					}
				},
				"machine": {
					"rotation": {
						"0.0": {
							"vector": [0, 0, 0]
						},
						"6.0": {
							"vector": [0, 0, 0]
						}
					},
					"position": {
						"0.0": {
							"vector": [0, 0, 0]
						},
						"6.0": {
							"vector": [0, 0, 0]
						}
					},
					"scale": {
						"0.0": {
							"vector": [1, 1, 1]
						},
						"6.0": {
							"vector": [1, 1, 1]
						}
					}
				},
				"holodrawing": {
					"scale": {
						"2.56": {
							"vector": [0, 1, 1]
						},
						"3.16": {
							"vector": [0, 0, 0]
						},
						"3.2": {
							"vector": [1, 1, 1]
						},
						"4.16": {
							"vector": [1, 1, 1]
						},
						"4.2": {
							"vector": [0, 0, 0]
						}
					}
				},
				"base": {
					"rotation": {
						"vector": [0, 0, 0]
					},
					"position": {
						"vector": [0, 0, 0]
					},
					"scale": {
						"2.28": {
							"vector": [1, 1, 1]
						},
						"2.76": {
							"vector": [1.2, 1, 1],
							"easing": "easeInOutBack"
						},
						"3.16": {
							"vector": [1, 1, 1]
						}
					}
				},
				"tonelle": {
					"rotation": {
						"3.32": {
							"vector": [0, 0, 0]
						},
						"4.0": {
							"vector": [0, 0, 67.5],
							"easing": "easeOutBack"
						}
					},
					"position": {
						"0.0": {
							"vector": [0, 0, 0]
						},
						"4.0": {
							"vector": [0, -0.3, 0]
						}
					},
					"scale": {
						"3.32": {
							"vector": [1, 0.5, 1]
						},
						"4.0": {
							"vector": [1, 1, 1],
							"easing": "easeOutBack"
						}
					}
				},
				"powerlight": {
					"scale": {
						"2.76": {
							"vector": [0, 0, 0]
						},
						"5.12": {
							"vector": [0, 0, 0],
							"easing": "easeInQuad"
						},
						"5.52": {
							"vector": [1, 1, 1],
							"easing": "easeOutBack"
						}
					}
				},
				"frontpanel": {
					"rotation": {
						"0.2": {
							"vector": [0, 0, 0]
						},
						"1.6": {
							"vector": [90, 0, 0],
							"easing": "easeInOutSine"
						}
					},
					"position": {
						"0.2": {
							"vector": [0, 0, 0]
						},
						"1.6": {
							"vector": [0, 0, 0],
							"easing": "easeInOutElastic"
						},
						"2.2": {
							"vector": [0, 0, 16]
						}
					},
					"scale": {
						"vector": [1, 1, 1]
					}
				},
				"rightpanel": {
					"rotation": {
						"0.2": {
							"vector": [0, 0, 0]
						},
						"1.6": {
							"vector": [0, 0, 90],
							"easing": "easeInOutSine"
						}
					},
					"position": {
						"0.2": {
							"vector": [0, 0, 0]
						},
						"1.6": {
							"vector": [0, 0, 0],
							"easing": "easeInOutElastic"
						},
						"2.2": {
							"vector": [-16, 0, 0]
						}
					},
					"scale": {
						"vector": [1, 1, 1]
					}
				},
				"toppanel": {
					"rotation": {
						"0.2": {
							"vector": [0, 0, 0]
						},
						"0.8": {
							"vector": [0, 0, 23.33],
							"easing": "easeInQuad"
						},
						"1.6": {
							"vector": [0, 0, -87.5],
							"easing": "easeInOutQuad"
						}
					},
					"position": {
						"vector": [0, 0, 0]
					},
					"scale": {
						"vector": [1, 1, 1]
					}
				},
				"leftpanel": {
					"rotation": {
						"0.2": {
							"vector": [0, 0, 0]
						},
						"1.6": {
							"vector": [0, 0, -90],
							"easing": "easeInOutSine"
						}
					},
					"position": {
						"0.2": {
							"vector": [0, 0, 0]
						},
						"1.6": {
							"vector": [0, 0, 0],
							"easing": "easeInOutElastic"
						},
						"2.2": {
							"vector": [16, 0, 0]
						}
					},
					"scale": {
						"vector": [1, 1, 1]
					}
				},
				"backpanel": {
					"rotation": {
						"0.2": {
							"vector": [0, 0, 0]
						},
						"1.6": {
							"vector": [-90, 0, 0],
							"easing": "easeInOutSine"
						}
					},
					"position": {
						"0.2": {
							"vector": [0, 0, 0]
						},
						"1.6": {
							"vector": [0, 0, 0],
							"easing": "easeInOutElastic"
						},
						"2.2": {
							"vector": [0, 0, -16]
						}
					},
					"scale": {
						"vector": [1, 1, 1]
					}
				},
				"tankarm1": {
					"rotation": {
						"5.2": {
							"vector": [0, 0, -100]
						},
						"5.56": {
							"vector": [0, 0, 0],
							"easing": "easeOutQuad"
						}
					},
					"position": {
						"5.2": {
							"vector": [0, 0, 0]
						},
						"5.56": {
							"vector": [0, 0, 0]
						}
					},
					"scale": {
						"5.2": {
							"vector": [1, 1, 1]
						},
						"5.56": {
							"vector": [1, 1, 1]
						}
					}
				},
				"bone3": {
					"rotation": {
						"5.2": {
							"vector": [0, 0, -80]
						},
						"5.76": {
							"vector": [0, 0, 0],
							"easing": "easeOutQuad"
						}
					}
				}
			}
		},
		"fertilizer.animation.idle": {
			"animation_length": 2,
			"bones": {
				"holotank": {
					"rotation": {
						"vector": [0, 0, 0]
					},
					"position": {
						"vector": [0, 0, 0]
					},
					"scale": {
						"vector": [0, 0, 0]
					}
				},
				"tonelle": {
					"rotation": {
						"0.0": {
							"vector": [0, 0, 67.5]
						},
						"2.0": {
							"vector": [0, 0, 67.5]
						}
					},
					"position": {
						"0.0": {
							"vector": [0, -0.35, 0]
						},
						"2.0": {
							"vector": [0, -0.35, 0]
						}
					}
				},
				"Box": {
					"rotation": {
						"0.0": {
							"vector": [0, 0, 0]
						},
						"2.0": {
							"vector": [0, 0, 0]
						}
					},
					"position": {
						"0.0": {
							"vector": [0, 0, 0]
						},
						"2.0": {
							"vector": [0, 0, 0]
						}
					},
					"scale": {
						"0.0": {
							"vector": [0, 0, 0]
						},
						"2.0": {
							"vector": [0, 0, 0]
						}
					}
				},
				"holodrawing": {
					"scale": {
						"0.0": {
							"vector": [0, 1, 1]
						},
						"1.0": {
							"vector": [0, 1, 1]
						}
					}
				}
			}
		}
	},
	"geckolib_format_version": 2
}