{
	"format_version": "1.8.0",
	"animations": {
		"Soaryn_chest_popup": {
			"animation_length": 15.44,
			"bones": {
				"Top": {
					"rotation": {
						"11.08": {
							"vector": [0, 0, 0]
						},
						"11.6": {
							"vector": [-150, 0, 0]
						},
						"12.08": {
							"vector": [-127.5, 0, 0]
						},
						"12.76": {
							"vector": [-150, 0, 0]
						},
						"13.36": {
							"vector": [-127.5, 0, 0]
						}
					}
				},
				"Body": {
					"rotation": {
						"11.08": {
							"vector": [0, 0, 0]
						},
						"11.32": {
							"vector": [0, 0, 0]
						},
						"11.6": {
							"vector": [27.5, 0, -2.5]
						},
						"11.84": {
							"vector": [8.5, 0, 5]
						},
						"12.12": {
							"vector": [-6.5, 0, -2.5]
						},
						"12.4": {
							"vector": [4.5, 0, 5]
						},
						"12.68": {
							"vector": [-2.5, 0, -2.5]
						},
						"12.96": {
							"vector": [1.5, 0, 5]
						},
						"13.12": {
							"vector": [-2.5, 0, -2.5]
						},
						"13.4": {
							"vector": [3.5, 0, 5]
						}
					},
					"position": {
						"11.08": {
							"vector": [0, 0, 0]
						},
						"11.64": {
							"vector": [0, 12.5, 0]
						}
					},
					"scale": {
						"vector": [1, 1, 1]
					}
				},
				"Head": {
					"rotation": {
						"vector": [0, 0, 0]
					},
					"position": {
						"11.08": {
							"vector": [0, 0, 0]
						},
						"11.64": {
							"vector": [0, -2.5, 0]
						},
						"12.16": {
							"vector": [0, 0, 0]
						}
					},
					"scale": {
						"11.08": {
							"vector": [1, 1, 1]
						},
						"11.24": {
							"vector": [1, 1, 1]
						},
						"11.64": {
							"vector": [1.5, 1.5, 1.5]
						},
						"12.0": {
							"vector": [1, 1, 1]
						}
					}
				},
				"Arm": {
					"rotation": {
						"11.08": {
							"vector": [0, 0, 0]
						},
						"11.24": {
							"vector": [-97.5, 0, 0]
						},
						"11.52": {
							"vector": [-107.5, 15, 0]
						},
						"11.72": {
							"vector": [-117.5, 30, 0]
						},
						"12.04": {
							"vector": [-107.5, 15, 0]
						},
						"12.36": {
							"vector": [-117.5, 30, 0]
						},
						"12.68": {
							"vector": [-117.5, 30, 0]
						},
						"12.96": {
							"vector": [-117.5, 30, -12.5]
						},
						"13.16": {
							"vector": [-117.5, 30, -35]
						}
					},
					"position": {
						"11.08": {
							"vector": [0, 0, 0]
						},
						"11.28": {
							"vector": [0, -4, 0.5]
						}
					}
				},
				"Arm2": {
					"rotation": {
						"11.08": {
							"vector": [0, 0, 0]
						},
						"11.24": {
							"vector": [-77.5, 0, 0]
						},
						"11.52": {
							"vector": [-77.5, -28, -41]
						},
						"11.72": {
							"vector": [-97.5, -40.5, -41]
						},
						"12.0": {
							"vector": [-70, -28, -36]
						},
						"12.32": {
							"vector": [-97.5, -40.5, -41]
						},
						"12.64": {
							"vector": [-97.5, -40.5, -41]
						},
						"12.96": {
							"vector": [-97.5, -40.5, -46]
						},
						"13.16": {
							"vector": [-97.5, -40.5, -26]
						}
					},
					"position": {
						"11.08": {
							"vector": [0, 0, 0]
						},
						"11.28": {
							"vector": [0, -4, -1]
						}
					}
				},
				"Elbow": {
					"rotation": {
						"11.64": {
							"vector": [0, 0, 0]
						},
						"12.0": {
							"vector": [0, 0, 10]
						},
						"12.24": {
							"vector": [0, 0, -12.5]
						},
						"12.72": {
							"vector": [-10, 0, 10]
						},
						"13.2": {
							"vector": [-10, 0, 20]
						},
						"13.52": {
							"vector": [-10, 0, -2.5]
						},
						"13.72": {
							"vector": [-10, 0, 7.5]
						}
					}
				},
				"Elbow2": {
					"rotation": {
						"11.64": {
							"vector": [0, 0, 0]
						},
						"12.0": {
							"vector": [-10, 0, -7.5]
						},
						"12.24": {
							"vector": [-15, 0, -7.5]
						},
						"12.72": {
							"vector": [7.5, 0, -7.5]
						},
						"13.2": {
							"vector": [-2.5, 0, -12.5]
						},
						"13.52": {
							"vector": [-2.5, 0, 10]
						},
						"13.72": {
							"vector": [-2.5, 0, -7.5]
						}
					}
				},
				"Bodymain": {
					"position": {
						"11.64": {
							"vector": [0, 0, 0]
						},
						"11.8": {
							"vector": [0, -5, 0]
						}
					}
				}
			},
			"sound_effects": {
				"0.0": {
					"effect": "music"
				}
			}
		}
	},
	"geckolib_format_version": 2
}