{
	"format_version": "1.12.0",
	"minecraft:geometry": [
		{
			"description": {
				"identifier": "geometry.unknown",
				"texture_width": 64,
				"texture_height": 64,
				"visible_bounds_width": 4,
				"visible_bounds_height": 3.5,
				"visible_bounds_offset": [0, 1.25, 0]
			},
			"bones": [
				{
					"name": "bone2",
					"pivot": [0, 17, -3],
					"rotation": [12.5, 0, 0]
				},
				{
					"name": "bone7",
					"parent": "bone2",
					"pivot": [0, 17.36471, -0.10588],
					"rotation": [-30, 0, 0],
					"cubes": [
						{"origin": [-4, 13.83529, -0.37647], "size": [8, 7, 4], "uv": [24, 0]}
					]
				},
				{
					"name": "bone10",
					"parent": "bone7",
					"pivot": [0, 17.76471, 1.11765],
					"rotation": [92.5, 0, 0],
					"cubes": [
						{"origin": [-2.38627, 13.02353, -1.88235], "size": [5, 3, 5], "uv": [24, 37]}
					]
				},
				{
					"name": "bone11",
					"parent": "bone10",
					"pivot": [2, 13.52353, -1.4],
					"rotation": [0, -12.5, 0],
					"cubes": [
						{"origin": [0.39608, 12.02353, -2.4], "size": [3.04706, 2, 2], "uv": [39, 37]}
					]
				},
				{
					"name": "bone8",
					"parent": "bone10",
					"pivot": [-1.34118, 13.52353, -1.4],
					"rotation": [0, 12.5, 0],
					"cubes": [
						{"origin": [-3.55686, 12.02353, -2.4], "size": [3.04706, 2, 2], "uv": [18, 0]}
					]
				},
				{
					"name": "bone9",
					"parent": "bone2",
					"pivot": [0, 19.30588, 1.22941],
					"rotation": [-15, 0, 0],
					"cubes": [
						{"origin": [-3, 14.28937, -4.86241], "size": [6, 6, 6], "uv": [0, 0]}
					]
				},
				{
					"name": "bone4",
					"parent": "bone9",
					"pivot": [0, 19.7482, -4.26241],
					"rotation": [175, 0, 0],
					"cubes": [
						{"origin": [-2.5, 19.30817, -4.47973], "size": [5, 5, 4], "uv": [40, 41]}
					]
				},
				{
					"name": "bone5",
					"parent": "bone4",
					"pivot": [0, 19.88937, -1.62712],
					"rotation": [17.5, 0, 0],
					"cubes": [
						{"origin": [-3, 19.06111, -2.03267], "size": [6, 7, 6], "uv": [24, 24]}
					]
				},
				{
					"name": "bone6",
					"parent": "bone5",
					"pivot": [0, 19.98349, 3.8317],
					"rotation": [27.5, 0, 0],
					"cubes": [
						{"origin": [-2.5, 19.15523, 3.42615], "size": [5, 6, 6], "uv": [24, 11]}
					]
				},
				{
					"name": "bone3",
					"parent": "bone6",
					"pivot": [0, 24.11993, 10.04968],
					"rotation": [-32.5, 0, 0],
					"cubes": [
						{"origin": [-1, 20.80229, 9.04968], "size": [2, 4, 2], "pivot": [0, 22.80229, 10.04968], "rotation": [-2.5, 0, 0], "uv": [24, 45]}
					]
				},
				{
					"name": "bone",
					"parent": "bone9",
					"pivot": [-1.35882, 19.27761, -0.733],
					"rotation": [0, 0, -42.5],
					"cubes": [
						{"origin": [-2.85882, 18.84231, -2.733], "size": [2, 3, 3], "uv": [42, 23]}
					]
				},
				{
					"name": "bone12",
					"parent": "bone",
					"pivot": [-1.91765, 21.97761, -1.39183],
					"cubes": [
						{"origin": [-1.91765, 21.47761, -7.39183], "size": [0, 21, 12], "uv": [0, 21]}
					]
				},
				{
					"name": "bone13",
					"parent": "bone9",
					"pivot": [1.35882, 19.27761, -0.733],
					"rotation": [0, 0, 42.5],
					"cubes": [
						{"origin": [0.85882, 18.84231, -2.733], "size": [2, 3, 3], "uv": [40, 11]}
					]
				},
				{
					"name": "bone14",
					"parent": "bone13",
					"pivot": [1.91765, 21.97761, -1.39183],
					"cubes": [
						{"origin": [1.91765, 21.47761, -7.39183], "size": [0, 21, 12], "uv": [0, 0]}
					]
				},
				{
					"name": "bone15",
					"parent": "bone9",
					"pivot": [2.5292, 14.89987, -0.68928],
					"rotation": [0, 0, -180],
					"cubes": [
						{"origin": [1.5292, 14.57522, -1.63796], "size": [2, 3, 2], "uv": [48, 0]}
					]
				},
				{
					"name": "bone18",
					"parent": "bone9",
					"pivot": [-2.5292, 14.89987, -0.68928],
					"rotation": [0, 0, 180],
					"cubes": [
						{"origin": [-3.5292, 14.57522, -1.63796], "size": [2, 3, 2], "uv": [46, 17]}
					]
				},
				{
					"name": "bone16",
					"parent": "bone9",
					"pivot": [2.5292, 15.32466, -2.82749],
					"rotation": [0, 0, -180],
					"cubes": [
						{"origin": [1.5292, 15.00001, -3.77617], "size": [2, 3, 2], "uv": [47, 9]}
					]
				},
				{
					"name": "bone19",
					"parent": "bone9",
					"pivot": [-2.5292, 15.32466, -2.82749],
					"rotation": [0, 0, 180],
					"cubes": [
						{"origin": [-3.5292, 15.00001, -3.77617], "size": [2, 3, 2], "uv": [32, 45]}
					]
				},
				{
					"name": "bone17",
					"parent": "bone9",
					"pivot": [3.0292, 15.74123, -4.55112],
					"rotation": [0, 0, -180],
					"cubes": [
						{"origin": [2.5292, 15.74568, -4.98544], "size": [1, 3, 1], "uv": [24, 24]}
					]
				},
				{
					"name": "bone20",
					"parent": "bone9",
					"pivot": [-3.0292, 15.74123, -4.55112],
					"rotation": [0, 0, 180],
					"cubes": [
						{"origin": [-3.5292, 15.74568, -4.98544], "size": [1, 3, 1], "uv": [0, 0]}
					]
				}
			]
		}
	]
}